url,description
https://hcp.merckgroup.com/pt-pt/oncology.html,test
https://hcp.merckgroup.com/pt-pt/oncology/about-merck-oncology.html,test
https://hcp.merckgroup.com/pt-pt/oncology/bavencio.html,test
https://hcp.merckgroup.com/pt-pt/oncology/erbitux.html,test
https://hcp.merckgroup.com/pt-pt/oncology/tepmetko.html,test
https://hcp.merckgroup.com/sa-en.html,test
https://hcp.merckgroup.com/sa-en/elham_meeting_2025.html,test
https://hcp.merckgroup.com/sa-en/elham_meeting_oi_induction_protocols.html,test
https://hcp.merckgroup.com/sa-en/privacy-policy.html,test
https://hcp.merckgroup.com/sa-en/privacy-statement.html,test
https://hcp.merckgroup.com/sa-en/fertility.html,test
https://hcp.merckgroup.com/sa-en/fertility/art-educational-videos.html,test
https://hcp.merckgroup.com/sa-en/fertility/artist.html,test
https://hcp.merckgroup.com/sa-en/fertility/endometriosis.html,test
https://hcp.merckgroup.com/sa-en/fertility/ingap-12.html,test
https://hcp.merckgroup.com/sa-en/fertility/portfolio.html,test
https://hcp.merckgroup.com/sn-fr.html,test
https://hcp.merckgroup.com/sn-fr/legal-disclaimer.html,test
https://hcp.merckgroup.com/sn-fr/privacy-policy.html,test
https://hcp.merckgroup.com/sn-fr/search.html,test
https://hcp.merckgroup.com/sn-fr/terms-of-use.html,test
https://hcp.merckgroup.com/sn-fr/cme.html,test
https://hcp.merckgroup.com/sn-fr/cme/documents-patients.html,test
https://hcp.merckgroup.com/sn-fr/cme/emc2.html,test
https://hcp.merckgroup.com/sn-fr/cme/emc2/thyroide.html,test
https://hcp.merckgroup.com/sn-fr/cme/rendez-vous.html,test
https://hcp.merckgroup.com/sn-fr/fertility.html,test
https://hcp.merckgroup.com/sn-fr/fertility/drugs.html,test
https://hcp.merckgroup.com/sn-fr/fertility/drugs/gonal-f.html,test
https://hcp.merckgroup.com/sn-fr/fertility/rendez-vous.html,test
https://hcp.merckgroup.com/sn-fr/fertility/terms-of-use.html,test
https://hcp.merckgroup.com/tn-fr.html,test
https://hcp.merckgroup.com/tn-fr/cycle-meeting-2025.html,test
https://hcp.merckgroup.com/tn-fr/gonal-pen.html,test
https://hcp.merckgroup.com/tn-fr/itaw.html,test
https://hcp.merckgroup.com/tn-fr/legal-disclaimer.html,test
https://hcp.merckgroup.com/tn-fr/fertility.html,test
https://hcp.merckgroup.com/tn-fr/fertility/atlas-reproduction-assistee.html,test
https://hcp.merckgroup.com/tn-fr/fertility/drugs.html,test
https://hcp.merckgroup.com/tn-fr/fertility/drugs/cetrotide.html,test
https://hcp.merckgroup.com/tn-fr/fertility/drugs/ovitrelle.html,test
https://hcp.merckgroup.com/tn-fr/fertility/news-and-events.html,test
https://hcp.merckgroup.com/tn-fr/neurology.html,test
https://hcp.merckgroup.com/tn-fr/neurology/mavenclad.html,test
https://hcp.merckgroup.com/tn-fr/neurology/ms-day.html,test
https://hcp.merckgroup.com/tn-fr/neurology/privacy-policy.html,test
https://hcp.merckgroup.com/tn-fr/neurology/rebif.html,test
https://hcp.merckgroup.com/tn-fr/cme/diabete-et-thyroide.html,test
https://hcp.merckgroup.com/tn-fr/cme/webinaire1.html,test
https://hcp.merckgroup.com/tn-fr/cme/minutes-cme.html,test
https://hcp.merckgroup.com/tn-fr/cme/webinaire.html,test
https://hcp.merckgroup.com/tn-fr/cme/rendez-vous.html,test
https://hcp.merckgroup.com/uk-en.html,test
https://hcp.merckgroup.com/uk-en/adverse-event.html,test
https://hcp.merckgroup.com/uk-en/terms-of-use/webinar-terms-of-use.html,test
https://hcp.merckgroup.com/uk-en/webinars.html,test
https://hcp.merckgroup.com/uk-en/webinars/neurology.html,test
https://hcp.merckgroup.com/uk-en/medinfo.html,test
https://hcp.merckgroup.com/uk-en/medinfo/adverse-event.html,test
https://hcp.merckgroup.com/uk-en/medinfo/contact.html,test
https://hcp.merckgroup.com/uk-en/medinfo/contact-non-hcp.html,test
https://hcp.merckgroup.com/uk-en/medinfo/home.html,test
https://hcp.merckgroup.com/uk-en/medinfo/home/general-medicine.html,test
https://hcp.merckgroup.com/za-en.html,test
https://hcp.merckgroup.com/za-en/privacy-policy.html,test
https://hcp.merckgroup.com/za-en/privacy-policy-webinar.html,test
https://hcp.merckgroup.com/za-en/terms-of-use.html,test
https://hcp.merckgroup.com/za-en/terms-of-use-webinar.html,test
https://hcp.merckgroup.com/za-en/neurology.html,test
https://hcp.merckgroup.com/za-en/neurology/covid.html,test
https://hcp.merckgroup.com/za-en/neurology/mavenclad/convenience.html,test
https://hcp.merckgroup.com/za-en/neurology/rebif.html,test
https://hcp.merckgroup.com/za-en/neurology/rebif/efficacy/relapse.html,test
https://hcp.merckgroup.com/za-en/oncology.html,test
https://hcp.merckgroup.com/za-en/oncology/erbitux.html,test
https://hcp.merckgroup.com/za-en/oncology/erbitux/latest-videos.html,test
https://hcp.merckgroup.com/za-en/oncology/erbitux/erbitux-in-mcrc.html,test
https://hcp.merckgroup.com/za-en/oncology/erbitux/Erbitux-in-RAS-wt-mCRC.html,test
https://www.einfach-wachsen.de.html,test
https://www.einfach-wachsen.de/de.html,test
https://www.einfach-wachsen.de/de/home.html,test